iter	Logloss
0	0.6232174049
1	0.5654493162
2	0.5170805322
3	0.4742217208
4	0.4380262304
